Contract,churn_rate,customers,avg_monthly,avg_tenure
Month-to-month,0.4270967741935484,3875,66.39849032258064,18.036645161290323
One year,0.11269517990495587,1473,65.04860828241684,42.044806517311606
Two year,0.02831858407079646,1695,60.770412979351036,56.73510324483776
